('112xdxgBpCV6TCAXrJ3Cfv3cXQwGyHbH6L', 8728852413)
('121RgZZ251aJVrXJ7U4Zm3mAe72uBYZawS', 168038568)
('125ana9EZ9HJotBNnGsUqecsp7MzT9Z5Qe', 19147404880)
('12LSJoCAqvVQyvW5qaKGp6ZKMaaZpUcCv3', 10700200066)
('12QfZDTatfAbfiFmpGmFrbNiiyX9PjtYb5', 10246618717)
('12SdZk7Gd19zbvQZDF447PpHSpGY5SGYE2', 480998334741)
('12VamRhmcgsWWKWdNuzWqVYTvnuk2Dsx9b', 220562833994)
('12akYrscPUETGbHvezwLtsLcSSSp6i9qvz', 196930536)
('12bDX26J84x545pzfSZouULeqjfBtAe9Lv', 699588161502)
('12cBdcNSBHwhJy4oLWzWne2qGu74PsbhTT', 2755469940)
('12jxqC2xCdwT35dCYiUQ9ad5rNCoehzyc2', 32510178542)
('12sVF4gaKPk1kmGaG8XxtoqgLMxWXr6ReE', 5391898148)
('12y5do1mEWJcrawDq3p66Zd9NSUdWUAqYF', 500348793)
('133gqZGeP27YPqh9wXvvLy3qTs63uM4gtj', 32832211)
('134qMRPNjXbwnq73KBDyEzH3BWqgDSK8f4', 28516325028)
('138deo1VUkgWmptS8NWnBqVwqWfZx1Q494', 19889312526)
('139Dx25QXHBJD1tfLQMwASAAJrWFiM4BPz', 675537263107)
('13CsP5SArN7fPXcXkcH331PPEuzCXdo5i4', 21079411375)
('13FrZaxxAWuFUqsmRVatp88h6EKTwmUrtj', 11227826983)
('13GfTmStyPpsVf9BzUC283ngs94KEnqorX', 10041770700)
('13JpDYw1cG9kf2kPsMErNQACQfCPaGPhEN', 3787781874)
('13NRX88EZbS5q81x6XFrTECzrciPREo821', 56343027669)
('13P8CSqRoboefrNsXKZieWYtZhJ4KcQHhH', 21134827433)
('13PosdpaGPQTQ2TUkr37djsHqshpJ8k3NB', 5521622024)
('13X7yRvpDf1NKLhzsYHaghfNJQ8JpXTa7N', 89930898042)
('13XTRGYN2cK88UPUMfy9SC24MTLoRF2DyQ', 132536663)
('13aJiZTQYMYSkfT9E366jdKbZgPTtzA2kw', 13055739087)
('13dFPB1ag1WsJKBWoUp6yUiKYDKvUGFEdz', 35844283234)
('13fBNvRz495auamuV9fNN95XDUdGtjXvfn', 19346656083)
('13kMuArrYxHpxiVtqUgtYK6viv6JvaBRt4', 10075623347)
('13qGRH1n7dFeroYhjd5xktmWo4uzbVPbcS', 18868640576)
('13qJCzNQUx7dFcixjq9Rab7wPgUCtYS48v', 3608607308)
('13reFpj413XUoU3aHNbkPepd11Ha6Hi212', 9742580908)
('13sbvde5fYHeM4UxKJpRxFv7a9MjaKdqPT', 25881610614)
('13x2dka6tVhjsNNNomGJjUPi2iJQCb67bw', 1087679398)
('13xyUnidQ1JhQk7hor17eQAPw96hwNZhHJ', 185440819680)
('13yyZ3qDrCjfS3yTn9F6aP9FXpbx4A2aQZ', 32728742703)
('142p4ML8aXvMAnVjEZMBzyP1c6nauhtufi', 1008742728)
('144PHZQoDNfhGwUFtAKayDyJSVQm1YkyHm', 20007218915)
('1474TswTTNB6quC9gsccCuF6wcYDBew8u3', 4526194250)
('14AqQW1tKzfRnMAgKxTdDedYJ3KoUVC9ei', 10046583996)
('14CQGTcpq6pduhRUKC5SEShBZHiJJHiKMT', 14372771164)
('14Do6onN2wdprxryxqHmzmJsEAizF2vBP3', 36527890)
('14FF284GJ7d9m7WnkhiosFLvwLQ2pqPFTG', 10579720569)
('14FaL26kCyEsN4NviMEv3wPQvQGuwodyDr', 5931781217)
('14KxxiYghzaMiu6Ygcp1q8H4JGWViXLjua', 1435843585)
('14MUti4hZhpnqeqswfHxLWFbYQ1GqezJEY', 9094522295)
('14PVGnM5F8HfbiphzcSFSAgAcecUywadZQ', 1012004299)
('14REHKxxXicArkZuvfA7DkXeoqgWXZ2pzo', 10019444444)
('14S5bE4ZGbb4oMXsnNn4zErdKBN5Lyiihb', 250305886243)
('14VCVLfWcfwW1xQnEspnnD5dK4Nngk2hLF', 7648290939)
('14vTNM7pZiG6qZbmf2A8J1x9wLdYTHvcPX', 18120322007)
('14vYm7Ba95GKoPDd243k9SF15z2ZjoLHK8', 100497504)
('151XRX8whwh4Udu1fsXJecKiYRnpR5S4BP', 3162430)
('157FxpGB4ds4sXjSjXqwAXk7WQQSAojNFJ', 19385907738)
('1589KFRBj95mUZvjoyhTDv9xp89EpHSdh8', 1724588842)
('158qYAqDu4GKeVHDiTYA2xAu5Ew4sEU2Ug', 24601309524)
('15H4EyX75muU78MQTHgNj9S75RbGVtZjJW', 28566481481)
('15HrXBPVT9SyEv8HeVZ3rTsrbde49D7MEV', 10927953042)
('15KDDJeiiZqSAy8ff2waWgagP82zUrj37c', 3009574405)
('15KPAgwFaRQYxqCV95r6qTHCZgtr9HJVtZ', 6324859003)
('15PmgreEf44t2sLwUohspit2DNdmf8nioa', 50134334)
('15WrQhYhHts7jTMoGJ9rDCD12JuCTKy7MM', 17519517794312)
('15XDP6tMciP3xxBroJCPoqTAvZJz2x1kAx', 60053546708)
('15XJoDF4xCUrWX3ES9ftWq3wnGhuRsqrLk', 3335368222)
('15Xtp53SAr36quokqJbpwYwSZ5fRZbUPdS', 955028772)
('15aaoEeaesA9dTxHUVXMuDA698q9veuuGt', 12706305985)
('15bPHecc5crhXxLnWy11ED8epfGqeBeS5t', 218259954)
('15jY9nQsgzdkuj7Rw2KHGpDKoxv59gDJE8', 30013784722)
('15og4WXZPwkMnnsb3dj6HqgTUfcRLx4J9b', 52934328263)
('15oxQoTsbrX7SJK86HHDY7qD8BzUday2dx', 20060373677)
('15sv8nv5MweHeXnHPbiCaNNf8FDtsG3JdW', 23672801150)
('161fQ4Bpu1V29X5TRBhD8vmvfzyLvPymeU', 1042523375)
('163dXoX3bfrM8t8DwbhzfHdGYNQfYfXhK6', 703514632937)
('165EtwPtp3dXeHBAXpdtKher8wpR7E4Vwh', 10203215939)
('16ARDdAXQvnzgiEHH1jkw8Fja7T4XSqo2g', 99137145)
('16DQ4vNFBij4zZ3CURpgX1CCmxSw8yrZdr', 2124172288)
('16JbDstcRNzevcBSVu7XwUKJ3bB6btxWHh', 114459047619)
('16P9gkfoX54maGbX6x7EHz1qnY4n8d7rYh', 3103611111)
('16QkgycuGwFvwQ8oZ5cYHgVjDNSavcwovS', 52126168755)
('16UCSGaqth2aQLWAe5ng6BFR6vpzAiHaHH', 23974732)
('16WsVPMRUCdMiT1rMxM9CEspdn7JYD2U5j', 29995000000)
('16Y1wE9WEGSySsUNMoKBicQV369C6E1fV', 30625927579)
('16akrvw2R2kREZtYET91bUyoPnyhQyur3E', 20498392082)
('16kPgvUbpsYfxj9mvpCQqsoZ4c2oJsNfH', 10068911438)
('16kyg5zA3TJ3RFMCpLPmh6QknQ4n8uiU2j', 441686529)
('16oenPzncbh2ZaizAYPwzMHExaiv3eVKLN', 100079140)
('16pdW8RQjJpF37FLMm7R65HBvn6WY33Pq8', 1003018683862)
('16qiCQ4ocbM4zRceN8RYwWqBRQoiGCvcNa', 10052809193)
('16rQVMZS9k6grNiMybYfznH2R3TViYNMC6', 12056734458)
('16rUg4eijBqM6oYrSrUzvghe6QM9CHvTYW', 53260166005)
('16uce8E7DuqC5QNmsjMLcbZEmLcUBRGqaj', 970304807)
('16wgbW2TE4XNuy6xMN5LnK6MA4dvQf86mc', 509903435)
('16zqyiBKDsL1X39ip5aVHLsxgFmxUCBeKM', 40863528651)
('172mDyjew7PnUpMRdNPjjv1bU1u4Ftgs3M', 1429964285714)
('17CoqK7cqNVLyv1CawzsGT12eTMP2fmHuy', 202585582011)
('17KdmPRxw58exByeoZKZxnsoZKJGhKvidq', 6187312900)
('17LWEZqC2WyZaBo7pKADcsDkA6zFjY1iTC', 27072465027)
('17QJKgmAdg1NHEbDkfnDyGRvXouiorbFrt', 45792647)
('17QqwZtZ221Dod33bY33SAZMXrSmi89rsP', 6056807478)
('17UDyggWFP6T3tUPTUEHMU8gxRtLZHG322', 5522609127)
('17Uqmr12wGjxrYgxtzemwdeFJCwEdnV2wp', 107219455)
('17VP7dV8dxn3pDVxrjtgPiKhs37FLBBX7u', 2996053799753)
('17XgPMQXbXr2RmPKKB5FJ3a2UFMw2Gxarh', 16306044147)
('17aRFk7cMSTuwpkmLk3Znzfeys2XKLVgML', 20105555556)
('17bGDJTMeiWx4LJdf8gECEPFMmCpY2jA66', 336161142053)
('17crSnfzrevwmqQo7QavEFr4QcaYujbosE', 21855906085)
('17czXHWXFLVUdgiQSc9FJDT6Fi7ooXj6Uf', 35270050808)
('17dTm9LYvNzNT4AM1kum557L539YXS5y7S', 16420711963)
('17dkzPoFrkw5V2sDsBqSbbbvygaPzWsz68', 50052794)
('17ezCD79i6qmzPPBtD8acNbHgjsTRoJxni', 40225271164)
('17hvZSX8rxn4oqWHvsWNd6BNq8jTftTvMj', 1436649636)
('17kKzeuAMhV8Pw9R62CWkhi5pXKmigMJQa', 13447939815)
('17kLc6ZYAbVPpZkCrvdUE3K4NBLSKGxtPb', 25062153399)
('17nnHLr8gKn6quWJo2orbkxgPj8Y9vcMZj', 41189316096)
('17t1avq2qk3R4Q3qzSZgjj1FihTgS5JgvY', 79739136905)
('17tJw9CG4ufjA1yXd4TFR1wqdgMUFzi5n1', 13855634921)
('17uK6u4nTbWv3h6WNKg7ejxmgXvy4qebBY', 643798)
('17vSDNNXGrDhT81BJmhh6yNNL1G5LPTTiZ', 1659760852)
('17xU8miooPMkdK9ZWuQr9NESpr38tHryjG', 2013225295)
('181mY7b9oWKsyf5Q1K4TaJA3JhNoxSrt1S', 1504531195)
('18ALP4awSmVi21nsdaMM3uHfdirxWqUieC', 970333682)
('18D38HyzBmzArrcHz1jBTVvatvxTnBKRCp', 10031914683)
('18JLWH8smwG59zab7j4DqDLZULfK1iEUoH', 6013069444)
('18QTFj5KmMSoYMrCuRGgxdywj3xXYtCvzd', 53115530488)
('18Se5aMNvhYTJoVT4bARcJVVT51mHBwjbJ', 32287207341)
('18WANHBTcj8u2GU1PY4h1iG4EbvgYJM4gL', 245515245863)
('18XV6qXP7U7HV22Y1PajAiuLfGbkBc3Jfg', 26142960481)
('18XcsA9AQQRWaFonAWECg6W1zZsmgYjioY', 12512807733)
('18YwerNLcJhn1ZC55yoiYHevuuobmW3Pww', 10424408888)
('18avLUqKusNrvGn4xeGJwDqKE8MNmzqRGf', 2963383020)
('18bVHTir24mJdYfbUgpS3k9mkSSzZU3kp1', 32877719907)
('18cSnNojZK11mLRk9ND3iosxrvZ9VBXtBh', 9754327793)
('18chrWPjs9ug7Xq7xDiFkqbe9A8KQdG7eH', 3110204340)
('18ebxtqmwE2MMJtHbpAosrKEem8go9qc9', 7070485284)
('18fjRdAxg1aQbw1DeNM68nsD2PiEfayqfJ', 302451636905)
('18hTHcNvBrGduvG4hG55C6nzRWX5F43qam', 3005833333)
('18hoYB6KH5nTu6iE1SH3fNKnnRKFe2vaxF', 1303966270)
('18iJSLaxW9azS8wQP9EzaxwgZomYagHcwm', 619767677)
('18iT8DhkKDEMya2bDN1HRKEv6tWSQEgSbi', 12259252821)
('18mPaJtGX2ots48KdQr4FZLhDSbgyzfnP9', 51683887236)
('18rw5npF8gTGMNwk3hZNq3sqTT74Mm8zoh', 10220762978)
('18toyySRFSWc56EF6tRXMKQK5UCPgGz39T', 997785112)
('19239oKJ2Lk3PtZRFckZzRVXMFNQZs3Jha', 410770532)
('194iAz9vJw6tXbxpVZ22YWaYyWDL1QCBDz', 643798)
('196V2uB471HoMHwbkQRQRiwd3aYpU6RtWg', 5994129166665)
('1986rR5ooCTbQY3twwftiL85rTWbz5ZTu3', 989892907)
('19ABrTW1XhWErJxE3UvfNuBRzB4w6UcTRp', 5040860615)
('19AJ7rVbFeeyeoWjjWm5xrGaoTwPH5bLpY', 4365305556)
('19PeRXtHfA9qoQ6MFkR2U7QEFTfdSckE1', 52958903770)
('19QDSFhkxjWyUzh7Ta7gAGjmS3JQv2W4ay', 1101216032)
('19QQHTR1Eeedk7sPfmuMWYHJfzysRFtFi9', 31778974)
('19V6mbsUWfKeRJyHvPpmjarUyj6Arm9zcQ', 2018758267)
('19aGDcLknEb2dtBNoWaQMiwE9obQVNz3Nk', 201671461)
('19feAR37pguLwDyEMc8oiW2WT4esrgR5z6', 5544255126)
('19mSdN6s9iBHFyJ2ycHbzQ7dcnfgZHN8Cu', 273714253)
('19pem8c3WJRU2c4kCmKcFHnvVC4Chjr1gj', 104606600)
('19rKrjPfydDQtHfWHcFcnfXjhGzQjkAC6B', 5068087798)
('19x2pAiyH5SM3ubJyrKaEgfxVgRB9131wS', 10380095055)
('1A14hK16TgHCYzyqHm2VNZDe8ShYuZ981x', 11090075859)
('1A5WjaqYu9c1Gz8gMkDGwSNXvmKZRjfPVm', 218006849)
('1AAciKr6aNMwcYrApgAp336e8EjBwrYPWj', 132038340067)
('1AGFxUanxnWnrTiwLsY4NyvNZTv3RWFnfT', 140427673743)
('1AJzXcrPJbXudbRF43d9j2pympLo5k5Gut', 253318511571)
('1AKQX7Qso4UQeAPD7rPWnDAQr43z6eByui', 156612276786)
('1ALeLAXtnZrbJHNhWLW5BvNtL1uP5TqJU8', 5098438327)
('1AMgiLXpQ2rxtrVagtCfxjXJV44QumWNhP', 136027369379)
('1Adh9JFPFuT5aGcPwqN3fTRyT5S7diM5cZ', 1004430295)
('1AgZvwAoNDFGkQYEF193RAm3qxipWAEFAH', 10173350529)
('1Ao6nURcqduZzsHHPJyKa7kyzTASVPP66L', 10045160384)
('1AoYNhBr3F1yTumvtWB2bfsJ6gYZJXdDd9', 10091784061)
('1ApWmGDViVjTPqRKBhPydpBZ5DRjpuEEic', 15142266518)
('1Aps6efLkSH9vyBDReznFBkpVosaBhVHkm', 113191177)
('1AsX2fv1QRFgCYT3F1YMWm37nWnW8TkZnm', 14525201389)
('1AxxvjavPMEiyT7quRVrfWj9xjgv27PSCS', 66971585648)
('1B2aZeoqGVrZUJg36waug8dNiDK7yX4JoT', 326956648)
('1B6cMHmdRnGgsAGzyBv4JeBjoxXgcrigk5', 5649682540)
('1B7GKDsgtgpxp87W1LHskh2Y9Qy8vMH8Ri', 10031433532)
('1BBTQrfsZQVoGwdPfp7NfMg7F4pYes2F1s', 2013376085644)
('1BCMago5NxA8ga9GBDur8SRbagacvRhmU1', 4384533333)
('1BFD7DEXiYirTiWnwGeamFgnjc4vA1YkPJ', 9632474)
('1BFqkdUDwp7k1Qa43vmSWEfj6gaoUVswwZ', 10628277116)
('1BHQeERPiQfQbxc1NYgoYosWqWguKprhkH', 220466081)
('1BMpnWtwT8yCaYrncb2K9HCeE1NMQKX5xv', 23044887566)
('1BQtQSNPhm7fJMQagc8BrEEvcDNLEkB4J9', 5162691711)
('1BV3rErytJmf17NNQfzHkHYakgweq4HzEx', 51581299603)
('1BV9k7VQbtddtLeWxkTSafcYHUsWLJoqWM', 7194767692)
('1BhHGLm843e3kXyMoWr64UBq9Kh8upAY6K', 18120686039)
('1BhbBYtVSYqGifvPhien4B18MjMGLi8T6h', 10100730820)
('1Bitcoin4yZjSSPoXUceJaiyQLABx7B2LL', 10127878638)
('1BmPgrDRGJouzPJdtDzXb6KhYDbBi9fy9B', 20081888228)
('1BpYpxe9XaRechVDdPu2fX5j53npLCg3AD', 125141680595)
('1Bqp4VEweM1S8FKGHWYviRRtSxv5tMAVih', 314595691137)
('1Bt7tZwyQJZYbXswNAd72J3w1YfM6GsN1z', 320502756)
('1BvbFd8CeD7VUcRBMrAj4BLusx8naWieuh', 1319861408)
('1C438zHsaG3PZfjAdo3dwS7UrrHsBa7iUb', 6372438084)
('1C9RKyQ9X77iA6ARd182dRyGiacedGwYec', 18828698975)
('1CFQgs77DDuixrNYqkj4RoQGrSgJmVcaiH', 10644222884)
('1CJcDhymhoMRqFHQzX9hxq7NBjrmy9EYEo', 20150729167)
('1CM5LApKeBFgzEqJ7dxT1YpURhAmiWkbUv', 1077855037)
('1CM9jmLrzSUXLRAwFUbcmN7tDiY4Wyi2VC', 5861910760)
('1CQhTj5tAtvzGti2oUiBqF2D8gGvGkJbTo', 213645824030)
('1CQqn1Rx55B5peP7WoucYFMptqM3ASZB6W', 120215382)
('1CbYgvA148Ew5j22S2rbgFCKToQTwRnKfS', 599246233805)
('1ChrugrTayeMkHYeMYgMBNwaEkvorkMBo9', 5012636178)
('1Cnv5Nj6vtcm4Qb6dqawkLvwCTTZ43wqen', 25868295304)
('1CooyTFrq7iUh6ATMxCE4nNgHdgJox8Fxd', 20025469577)
('1CsG4xVTbJe37gZioPTvPReaoUtWdBBvsq', 10974594793)
('1CxkP47JHYBjxQUXAMB4wj5s8a9fR6221X', 6922171)
('1D11zSkRGnn6VMgaipqNeD2rtQfN5ywos3', 5042046130952)
('1D2UUm9noQ5eW7mQ8oMiqxvbFqB8wuvvWS', 1024608135)
('1D5bcwsAvw8nNb66Pu2nw9BZyfg6kkUtUx', 4237430724)
('1D8CrjDtEv3cHm91jjk15ix8yeS8oKDzmE', 4937902364)
('1D8WC73HE8V17rtMDuoPGkWEHpHEF5M78d', 136346354)
('1DDhPhsydLh6dDgAg7GVT3xZuYd93tjqtp', 10078986442)
('1DHF9MnvvM1zUNxKdu9hB2BfwFuBANPPoe', 20101732804)
('1DLjzpGMS5DHucLujKArriyp3S8y3aRMqa', 9990720629)
('1DLwrAYgzMcbntvhmBHKajGEaSv9U2YGTq', 10743267361)
('1DLyCnaUYVgux9L3MPWkH1VHQXTHoTUC9r', 5944117890)
('1DM8pdm1KbTfAcChuoawkEEbwEqGVzmqQ4', 13154006283)
('1DRLtaneP8eNYrRfwq74hvD3oe8q3vsKmR', 6312815196)
('1DSeB9NW2VDeG26Th4fmRGMf6sxww215mZ', 221693981)
('1DUGRxypnPrQ8t7umv1QPwmwwYnt6dFA3m', 2003067791)
('1DXaifcEUNNFXktpmkftyT2uLPVne4MPNs', 104604063)
('1DbFbPdbDAHyhMat1cmatbPfySAULC7FL3', 10021782407)
('1Df8GTfWasZHJ4svNXR9sGrmXzTRt1Z5BT', 49924524035)
('1DmuFKdM3wpD9rDubQa75b8og2HdS6mD9g', 1440052249)
('1DoUJcTZMMHN7fMfg2aQE6ohZKXroyXyWW', 17236738095)
('1Dswt3PZQrR9NPcTDRjVZxZbEjpvDfHnjv', 100376042)
('1Dv1tvyWfvRK3QHb3dZAMWLUKzL6Ddad2F', 72016089)
('1EDDiekhvJVCZpfrYSHPCitnzLgrXUXutt', 52709918155)
('1EHjzwUwJokV4tZsugPFuHs22xoinaYQ9N', 303194084)
('1EMHVJNkxYeNFbd7nwcwvRvM4GnuLkwbs9', 3723129)
('1EPsEDXYuQV6nmHE5wgwtJmoiD3T1AXwsW', 28417815104)
('1EXqpyc7sEVbH1dK8mdE35gM4ijiQ4kGXQ', 1038350945)
('1EYwqZCP6tZJhmADMQtKdex9gWdrsPd4Jo', 50058667574)
('1EZnzK4XPwRjAGqyK6oQmy7NpT6uDhWf1U', 47174525910)
('1EaMiS5stT6FKGEEWQCY3X3ujci3m5MP2m', 10775650880)
('1EfH4Sz6CKxpq8svB2ZfuYqNxZo1jHuwsx', 10636585462)
('1EiwAarJJ49n6ukQbfYvp2hwTBHsaVWupq', 74068535)
('1EnVK4yMdfAQHoJ1q2WBSFXxbwERoeNfYc', 108048843)
('1Eo6FGPytuYvuA3ZS6ToXqP8sScWWtKhWN', 406344093412)
('1EpqZUo8jrkpnE4x6YqZ9LjMbx3VuHpNuF', 1532997195)
('1EuFaVybvZij2hAfmRcDYAEmBqRLGRQXan', 30985218745)
('1ExeGhKKnTwMps5R8d4PyKvdp42dK8cKpx', 6355227708)
('1F2KyKaLr1QbCgGGAjuBSQSJo8GQ6CaCwF', 5556285000)
('1F9xVwMh1dgjogFcaYiHzk7FRPEcKFLBd9', 1205863376)
('1FC9RHREEsUszQHapstfkFcHVwv9ye2QpR', 5522744113)
('1FCVjvfKtLYpUq31S7CfMG9EqqEUtw2Pem', 1425958333)
('1FLyLEzRvV5ucRaHBcXfhqSQnwjsnCaVhH', 208675000000)
('1FNvcXoiCdr6JmG8TcSWA4GXnHEYQYcLYt', 4462102897)
('1Fi4UdfU7Bw9CdX85K2rtzMoZuESvDPNS7', 6694997210)
('1Fi5NGyKoLu1RGveRs9VvjRpVq3kAAoqMa', 5442049438)
('1FjLKFH6BXB6NUUhpSUNendtjBNSmNNPZT', 7537272079)
('1Fq37GNfyxSvnmye3QdxH6GpPAQ3enarfs', 10621848545)
('1FriA74vipRm9QGQHoWREHHNTBJtS9tR1k', 18801716326)
('1G3Cyx194o3yLbKFmzR4NtNE6fxJSRowkp', 1259350779866)
('1G4viUH23ktwEBoistLTmCvN2DuWeBfaob', 4864758466)
('1G6F8aMJNp3zMG9L1DxDT3WjiUntJYwYka', 2331929999)
('1G6zjkpKHaDETbswWCJwyu3PQMesoCHvvz', 49027991971)
('1G9mvD12ZAiAxMuXeiaUVDkMAC8C4FFoLG', 10140458003)
('1GD6YyXnd7DKvfUKs22Fp3FSGuvK6n4F4j', 125164205648)
('1GE3B8TqMuAo6W6VsPXXfysj5ZBMMHqXvh', 49101085051)
('1GPwJvMpB4vJPuMwHs9JDAZm9Lh66Y2qnS', 249558201)
('1GXnFHXZ5FAqWYp2iT1rpnLm3XAiAh2fuq', 9069731430)
('1GaNupdUBzfVF2B3JUAY1rZwHoXJgjyzXj', 5720500793)
('1GeVYn8BY86jTgUYoWeLkWXULpJnYD3u87', 3911190576)
('1GhwyPsMn2H47vWjJBAc5skZrdcWsyMDZL', 1285254365)
('1Gsjx3uVG4KZGXpBUhqWwapvkM9kMHjgwz', 317110623)
('1GuoNYVPUwePeYghvDP4gCny1YaFyMfTcM', 15729396429)
('1Gvg4soavo8ETGH3hiFX21pZHqNdiDPdqL', 245672207)
('1GwdoK2ep5sLGyeSuyHiXhJeQd3eogGjR5', 1827629216)
('1Gy2XEo7aF4SsTAjz6ZWfdkiRnDuNpnMP7', 12994790766)
('1Gz4NTCBJb7q5gEURNeGnEivEt2yDY93yK', 10097524802)
('1H5i3Pz9y1mYnXqXDAxJPohggwyBT98oc1', 10000000000)
('1HAREZZ7hBZSTWyMun1tNiok6XBBATSGzJ', 880276637)
('1HETPNRFYqoXEEkpvNY4zVLsQcTumfhoJ2', 72006679894)
('1HHTyQWtA8Y93CAGSHZ134yBErtxUoDAYV', 3803219329)
('1HLdSSpvRDcAyD9k91yS7X9o2jaJiKeqp4', 302744598213)
('1HRE7U9XNPD8kJBCwm5Q1VAepz25GBXnVk', 194783543229)
('1HXaE1qztaBnJJa43LNLzexhzzbefJkm3i', 10418902116)
('1HavyitVfgfbX6q9vprFgU8emXtixixEwY', 16015267580)
('1HcQb16RSjdiH622sNs7Qsqt5vNWWa7oKV', 1543878078239)
('1He11otRFyiT5coBoH66f1UhdqbMJRpSQK', 525902472)
('1HgwzP12Y8jvE6iT4TLWE96zPaFkXPSGL2', 10120548817)
('1HjPK8ZErJ51yWzuHBTrhZWxMUT9c88JWM', 3621321758)
('1Hkjo5N1CLb7XmUtCp4xWRder81CRfpdNd', 131818284835)
('1Hky6x4XwZhV9kvGTQD7Wq9HGaAzKuPEcw', 6434305883)
('1HonwLhETda1hQc4uLA6bzhXH4CUaBmHGb', 10145415013)
('1HpNa5GbsPRbJ1s931oNKGqgN5gVbBBE8s', 3309702580)
('1HwrynPUEGsquGoDhmST31Gob3aJvR2LDe', 5994432)
('1HxMra2tkzjD4FmGWyBCJdECL4iiM9oGSk', 14292988127)
('1J46wJTLYvhabzrVjVVwrUEUsYvLMbpNwK', 3091806830)
('1J7Pzq1MvS6ti5YV6dfJ4NW9iZU4uhMEj6', 2154000728)
('1JASe981JUgzKgAoV4SYehenkHbVAT7Ja8', 3326065526)
('1JDNareT7T3DYQjp2L5oKHpQ9wRaDMuZ7p', 27076571098)
('1JME1dvN2zAAgXhXPnWSWFGQ4Z1iHALFj9', 31946680896)
('1JMKBtZbqhZFbJ9GdFdupTy4tGd2Q797JJ', 1048728340)
('1JRLe6zp9Soj4TakTQDTovKjezRqhT4Ycp', 99076041)
('1JRfc5W459i9PAPiGDvTUuJve9fn9z6YjK', 14419591601)
('1JSCYw7NxVbBhv8HCupYhgYqAwqTdRT4u5', 20053733466)
('1JU1GS7GyHg6XYqq5JjNUquzsWgHoUFAGR', 238423635218)
('1JYXwhzeTqrLXfg79EbQ95GpoDHxZWWE6d', 100194444443)
('1Jge9avkgP3zsSQsYeSpY5Pd7xBk3qehNv', 10348198725)
('1JkPfVDbHBZxvKUzyuUf3T7dcTUAWddmwp', 388250721)
('1JowuDr2iZsa3M6tu4Yjhyo2zNQe98VQqy', 90544784)
('1JpK8eh4Egt3a1YhrSg932qBToSRM2bcvG', 5028637566)
('1JqDHs9GiNckdTYRjwDQqwxajiRFQyuNcH', 50097222222)
('1JqNVmZBrCvT19he79L4F2YWxydWZ3mQ14', 10046987434)
('1JqxEv4TH6XmMxCfRi9t3t9QhPnxp79UBH', 409016530)
('1JvXUatqyiBs1gsp2vYopyc9QnStfVn2F1', 72216013558)
('1JvkGGfbAu6L4NZDDTQM849fBmNZCWi477', 2997)
('1JzN8RsgCTbbJcjLa9dH93GkehcmNxxZTL', 30107496694)
('1K5Tofy7UTfcrpWBnXcJhHZzvLTksDdasQ', 10103326720)
('1K5ZEkQ8Pzwqedg2WHsKQd3xiAGnj7MeCD', 257657089928)
('1K9ETVUmDcfahqzoanBBmbaDqVmUmqrQJS', 588810138889)
('1KA9SV5pyqpW3sqZbfAWhSRiVeeN552BXQ', 57308630985)
('1KDCt8VoY45ya3QnExwtZEdugAnRAncr1Z', 212053654101)
('1KEr24zCxEwf4WAdwAQ8gy3grsXGfFPaGy', 7394243)
('1KFZmBqaJFnBuJLL9HyPdj19dfcW6gCdkZ', 29392328307)
('1KGWhADxrefkLZHhthnJ4HkEsu5t9zVPF1', 19963009722)
('1KJ8Q3PaVvyjV8GdVMha7VXPaBuipdEFG1', 2257171726)
('1KRaQh3k47P4Mu4XXviRGHrgYi7BK5hsAV', 266625859788)
('1KZmDQGzGJWYmPP9X3b7TA9dY91KBXgaG4', 31737297177)
('1KaM6ANCsKgFnsTRUXnNZzHT5ZLpnRsf3t', 60905935847)
('1KhBaYx4KpnnhcABPZjP7Cnc9jNxFJgeqP', 22186299593)
('1Ki1Uxc1P1HRfk7Awq8ayZghzwGCsYWe9o', 107533747719)
('1Kk6eLpM3cpgC4NEzXLzjKvdndd8bPox6f', 31776650397)
('1KpSuQmkejZPKj18Gj6y2fUL9GZyWCTVuh', 20596989364)
('1Kqy5J4KdYCYG9N7rWRQdq1wfBGmQiPG1n', 11408598477)
('1Kyjdt39dxX1Uk9GUH26ScYt6ePJsNCVq6', 172979141)
('1L5AUL3vEh2hvBbxJbtuwhbnWzid9W2gAW', 10103731812)
('1L83XWGbddEyabcipQNdcibc8q7pJSorYC', 24991237990)
('1L9bbsESqmaKWsstrDETuZpD1BjLdy94ah', 10097524802)
('1LB2AZvQrLaBxti8gkUHRfZ94oKF1dQmQS', 13425348313)
('1LLnRXbnVuq7h3Dtap64wXuw76nnjPnjYi', 54686718948)
('1LQBddrjjUaMLHcd4cG9XnN4cCZbHfREJF', 1078119709)
('1LQzaHiedzHDqPW8q95SyEL7fAzahvrmTo', 35938793816)
('1LTN4C4s7BtuPv2FLW6d8e2R6VfsMzjKgc', 21571108)
('1LX1Nv7C6RnR18ir3r5GrmyVvG1yy2EnRa', 573773946346)
('1LfRqHRmJa2S2U4XGVWerta2yQhbvKLG2b', 30319280754)
('1LjT88X7Zu8BdbqJw8vfRa83NJuzYL9kqm', 10702748371)
('1LoMxHHUzFXNoFFDjdjDuN6ciq8wrKGPSa', 66459914884)
('1Ls3wRUtiTv8fXcjXpT5LYjuxJ7rwWCEKb', 100146842)
('1LtdnyMsKJbsWuU92mSJsEBeqmAWNT5eab', 239277660)
('1LzbWC9xo4TC5j6P3tjYT3fJVQ5XpaYADE', 5002460317)
('1M8qnB9xryMs6u3uj8dYTVKNtb2GpGxgWL', 102853966)
('1MA274fPpN7cBjiseaMtTmuQCq1UjAir5Z', 50503654101)
('1MLPjJ4iDXpAnzgon9u34ZxnSjTHztxRCP', 10034031085)
('1MPUi31pLY3KyhMATYo1A2WJKmo8NcbYhz', 30270079365)
('1MQCRE2ePC1M1AgseWar49ncY1Dyk5MGWN', 21647609231)
('1MR9wDhmKVRDcVcpm2c4BB71SR9yTYdBvg', 53524926142)
('1MTdEJZoTRbHyUGMjkQZWYBXMcusxkxLLR', 2558251539)
('1MVb5dBgeCVwpoSQKNkcA9bwq8anx7ydnd', 10230834987)
('1MWs4JQHn9aY9BQXXqV9bnSZVX3Ecggz9i', 26263277213)
('1MZH2ixqERRzuW9Ha7xqbyGoMZyfo4dv4h', 6484013890)
('1MbzgJ9fwqcu2HWByHpUXUxASyURvJ5AWu', 14260408399)
('1McQ3KF6eY69a1oJiJhCJj9GcJawFq3vUG', 695102440)
('1MnW3JgujMavTzBCiZyfxigDhu9pnDE7dU', 10040944114)
('1ModAtK5caWTxktKr6EfnEsQQddfVGXaHX', 12162387203)
('1Money8F88RbCvd2utSvE2x6YhsyoRvjz8', 736580652)
('1MqAVaKzB9NKmxH1cGqmtWoUeeZuVTuy2d', 50540705605)
('1MstrCofqGJQ73bGwdTxj2Uo7EqRxUDWAo', 2506322751)
('1Mt1tCGyJnD6SHzBgxtg6GRJLUhqQrc4ff', 6056506284)
('1MxAnJim7cxBp6qwfcF99xiNGggTpCzWJd', 10917018849)
('1Mxuru2YEg9dZ1jGSoEks3BfP7Ee1LaXAd', 10045160384)
('1N67g4FERNdTrSTrRUcXCQPSyk1LW2ybHW', 10480669643)
('1NC9iRjQsXFQFQXS5RCqDvBEuNHVf7KHTG', 25500486111)
('1NHVAzYT2jQ8roRddYXhvZtiVjuMwuWBGn', 70807238450)
('1NHaFCh2fYzqghh8S7YN5fX4xpSY6W3tBz', 1322364477)
('1NJW7tJoDJboQQSUdPHQ2pAYm6gAy3SgdZ', 701862037)
('1NQSMowgQVWprE1dwdbzTwCfFrVXK6sUh2', 537222387566)
('1NQuNBH12zf4oB7pWbWSD13KbKt4pK1ZAz', 41778453210)
('1NVwVUhm4tHxpGZg6AMSNmxYMUwkyQe1fn', 5386860946)
('1NYdPSXbWxWQMXG8BhnXYUhFaLFAoyeHR3', 15450215782)
('1NZCgBRmEcidNNNCWiccVDEvVRkV2CD7q2', 10710864749)
('1Na6CZdvTMzaq6f6Xn9jyEfmbf5NiEp65c', 259695300198)
('1NeVKGMiNZ6fuoZmVRthTBNw1cJ3MGevwU', 55215541914)
('1NemP5kiTYEj8SwvpVm2uiEwfsa5LNQPmZ', 40119744336)
('1NfLuZ7mrGdsMbkMtgthxQNCoPpymC8UWj', 134619965)
('1NgxPxvnswGG85FzjrBQ2tet1sCXpCzhg4', 9846526805)
('1NhAB2xGPosYjooSqJET6eJy2ks15A6CNm', 1215738294)
('1NocfrxnLadDjfy5XR1JsSgdVsw8ChxCLA', 1004658399)
('1P2KXwVg2h4iDSqiQf4tCkSL2XEVTAyqrB', 133340029762)
('1PA8qhEzW7to6EeqBAdhVZYGbVj2MfmN2n', 231091243386)
('1PBk85ohrvbiTpDCMxjufAbFfCg3ZdXn8e', 5459414683)
('1PJckkwjySLsAARpdAstq29ZK2JbFmFkD3', 62707421823)
('1PVKjb7QQKRZ1urGPmf7xz8ZgHJaqZM9DJ', 17763374193)
('1PY5X3hbcy6timNa9CQJzzwLeJgvDJ4Dik', 249558201)
('1PYXRp4Pj3PqNmyz8GA7qrhsMa1hvjjY7t', 20097288360)
('1Pd1ESY2Hfb8Mom6aTJnpJBEAnkzghgRJq', 480704841270)
('1Pk3gL2UQGEVSLv6FUVLfx8QT6mfsDhDa', 13452853836)
('1Po9mw5bbgx3HxHZ8Vch24XcmHTiFTRDuW', 200319874339)
('1Pohx6GPsnvnEsYWRRdaK7GVAUkHW56R2K', 1921405876)
('1PsYjURCTWRtqxZoAktGoYmnANFC43vf88', 2135881)
('1Q1sFqsi8S5DxV5hz6sWLamGBp9To93iG7', 127723987298)
('1Q2kjs7MjWgCtf8CfVkXHUkAeKbaMqrK9R', 10892384259)
('1Q4yFbZQ4Y9Bg9CGnNETQJWL9DEsLCFCm4', 3162430)
('1QAJh4ZCuSsLErYnbtHqaGNTb5D9tiX2er', 30224734159)
('1QEhcXxmkkBdcfDhcFU6pFVCdiXQgFZLLY', 101159226190)
('1RavenHqiZ7euZ1ETKkKP74h5SPLovdF6', 1017683424)
('1RjrXzEhSsbTMYw2XJrvt6fSiKU9mGeRZ', 8271059380)
('1RodtRU2EJ7DMgZCjgznivm5yqoeu8Lgh', 47450662438)
('1VDTthqUv8bjmFePNxEXTNttkaTWfKdDi', 9520257202)
('1VP9VM2Kk9SNLRDTJzsEe3WtoKLwWfnmc', 14504069550)
('1aTJa6dhYax5uHV249FA732BQDxABjSPd', 5012645503)
('1donutMH4L7kdRqh4xvSvesfd3KFu3UNm', 10476380622)
('1eLiRanANMyXjVGU9LMqzm9wGKdRAg8q4', 9951205911)
('1eZwsyQJbUhQduw1TJcWTbR7HjnbLgQTs', 53157349537)
('1nivsN37oY13sqNoxzPa3nZrDVQzWGBYD', 4328703723)
('1nuMbaCBZhDsEe3oKnHY7FtFUtbd1fckf', 10662311508)
('1oC8H1TZ7JLrt5iD5QtEpBa4p1Nfh8oXG', 6098439153)
('1roLMd1dT3Arpsq6sqjProZU7vtKL8cx1', 183263488609)
('1tybxKF5QbtJ43kiV5gAFPNvs8WR6uUWK', 10111698082)
('1x9K9xAft1e9D7e1biMp77JSPQXUtWDwM', 10763224206)
